{"cameraMode":{"drawMode":0,"name":"Shaded","section":"Shading Mode"},"sceneLighting":false,"audioPlay":false,"sceneViewState":{"m_AlwaysRefresh":false,"showFog":true,"showSkybox":false,"showFlares":true,"showImageEffects":true,"showParticleSystems":true,"showVisualEffectGraphs":true,"m_FxEnabled":true},"in2DMode":false,"pivot":{"x":1.7561273574829102,"y":-39.985313415527347,"z":-28.227317810058595},"rotation":{"x":0.013460465706884861,"y":0.8864824175834656,"z":-0.4618617296218872,"w":0.025813350453972818},"size":34.012855529785159,"orthographic":false}