{"cameraMode":{"drawMode":0,"name":"Shaded","section":"Shading Mode"},"sceneLighting":false,"audioPlay":false,"sceneViewState":{"m_AlwaysRefresh":false,"showFog":true,"showSkybox":false,"showFlares":true,"showImageEffects":true,"showParticleSystems":true,"showVisualEffectGraphs":true,"m_FxEnabled":true},"in2DMode":false,"pivot":{"x":1.1920928955078126e-7,"y":0.09999999403953552,"z":1.1920928955078126e-7},"rotation":{"x":0.00016647425945848227,"y":-0.9996559619903565,"z":0.006307965610176325,"w":0.025787677615880967},"size":0.6782329082489014,"orthographic":false}