{"cameraMode":{"drawMode":0,"name":"Shaded","section":"Shading Mode"},"sceneLighting":false,"audioPlay":false,"sceneViewState":{"m_AlwaysRefresh":false,"showFog":true,"showSkybox":false,"showFlares":true,"showImageEffects":true,"showParticleSystems":true,"showVisualEffectGraphs":true,"m_FxEnabled":true},"in2DMode":false,"pivot":{"x":30.502885818481447,"y":-28.155899047851564,"z":-66.07601928710938},"rotation":{"x":0.014169900678098202,"y":-0.9619527459144592,"z":0.2681037187576294,"w":0.05082859843969345},"size":133.48941040039063,"orthographic":false}