{"cameraMode":{"drawMode":0,"name":"Shaded","section":"Shading Mode"},"sceneLighting":true,"audioPlay":false,"sceneViewState":{"m_AlwaysRefresh":false,"showFog":true,"showSkybox":true,"showFlares":true,"showImageEffects":true,"showParticleSystems":true,"showVisualEffectGraphs":true,"m_FxEnabled":true},"in2DMode":false,"pivot":{"x":-0.06336855888366699,"y":1.035362720489502,"z":-0.020209282636642457},"rotation":{"x":-0.007580839097499847,"y":0.9689986109733582,"z":-0.24516668915748597,"w":-0.02993345819413662},"size":0.8739538192749023,"orthographic":false}